<?xml version="1.0"?>

    <log4net>


        <appender name="RollingLogFileAppender" type="log4net.Appender.RollingFileAppender">
            <file value="Log\\" />
            <appendToFile value="true" />
            <rollingStyle value="Composite" />
            <datePattern value="yyyy-MM-dd'.log'"/>
            <maxSizeRollBackups value="10" />
            <maximumFileSize value="2MB" />
            <staticLogFileName value="false" />
            <param name="Encoding" value="utf-8" />
            <layout type="log4net.Layout.PatternLayout">
                <conversionPattern value="%date [%thread] %-5level %logger  - %message%newline" />
            </layout>
        </appender>
        <!-- Set root logger level to DEBUG and its only appender to A1 -->
        <root>
            <level value="DEBUG" />
            <appender-ref ref="RollingLogFileAppender" />
        </root>
    </log4net>